,Individual ID,Correctly solved problems,Mean answer time,How many answer times were more than one std faster than mean,Most likely,2nd most likely,3rd most likely,4th most likely,5th most likely,6th most likely,7th most likely,8th most likely,9th most likely,10th most likely
3-prem,EJPXUT,16,11663.4375,1,"('BinarySearchTreeTrivial,fff,supermodel,10,10,1,x - 10', 8)","('Graph,ff,supermodel,10,10,1,x - 10', 8)","('Graph,ff,integrate,10,10,10,x - 10', 8)","('BinarySearchTreeRandomTree,fff,supermodel,10,10,0,x - 10', 8)","('BinarySearchTreeLimitedDepth,fff,supermodel,10,2,0,x - 10', 8)","('BinarySearchTree,fff,supermodel,10,10,0,x - 10', 8)","('BinarySearchTreeRandomTree,ff,supermodel,10,10,0,x - 10', 8)","('BinarySearchTreeRandomTree,ff,integrate,10,10,10,x - 10', 8)","('BinarySearchTreeTrivial,fff,supermodel,10,10,0,x - 10', 8)","('BinarySearchTree,fff,supermodel,10,10,1,x - 10', 8)"
4-prem,EJPXUT,44,14767.583333333334,2,"('BinarySearchTreeLimitedDepth,fff,supermodel,10,3,1,x - 10', 30)","('BinarySearchTreeLimitedDepth,fff,integrate,10,3,10,x - 10', 30)","('BinarySearchTreeLimitedDepth,ff,integrate,10,3,10,x - 10', 27)","('BinarySearchTreeLimitedDepth,ff,supermodel,10,3,1,x - 10', 27)","('BinarySearchTree,ff,integrate,10,10,10,x - 10', 26)","('BinarySearchTreeTrivial,ff,integrate,10,10,10,x - 10', 26)","('BinarySearchTree,ff,supermodel,10,10,1,x - 10', 26)","('BinarySearchTreeTrivial,ff,supermodel,10,10,1,x - 10', 26)","('BinarySearchTreeLimitedDepth,fff,supermodel,10,3,0,x - 10', 25)","('BinarySearchTreeLimitedDepth,fff,supermodel,10,2,1,x - 10', 24)"
3-prem,ZARPVY,9,13202125,2,"('BinarySearchTreeLimitedDepth,ff,supermodel,10,2,1,x - 10', 9)","('BinarySearchTreeLimitedDepth,ff,supermodel,10,2,0,x - 10', 9)","('BinarySearchTreeLimitedDepth,ff,integrate,10,3,10,x - 10', 9)","('BinarySearchTreeLimitedDepth,ff,supermodel,10,3,1,x - 10', 9)","('BinarySearchTreeLimitedDepth,ff,integrate,10,2,10,x - 10', 9)","('BinarySearchTreeLimitedDepth,ff,supermodel,10,3,0,x - 10', 9)","('BinarySearchTreeRandomTree,ff,supermodel,10,10,1,(lambda x: 2 if x > 2 else 3)(x)', 7)","('BinarySearchTree,fff,supermodel,10,10,0,(lambda x: 2 if x > 2 else 3)(x)', 7)","('BinarySearchTreeRandomTree,ff,supermodel,10,10,1,sum([exp(1)**(-((x - n)/3.)) for n in timesteps])', 7)","('BinarySearchTree,fff,supermodel,10,10,0,sum([exp(1)**(-((x - n)/2.)) for n in timesteps])', 7)"
4-prem,ZARPVY,23,4440125,0,"('BinarySearchTreeLimitedDepth,ff,supermodel,10,3,1,(lambda x: 2 if x > 2 else 3)(x)', 27)","('BinarySearchTreeLimitedDepth,ff,supermodel,10,3,0,(lambda x: 2 if x > 2 else 3)(x)', 27)","('BinarySearchTreeLimitedDepth,fff,integrate,10,2,10,(lambda x: 2 if x > 2 else 3)(x)', 27)","('BinarySearchTreeLimitedDepth,ff,integrate,10,2,10,(lambda x: 2 if x > 2 else 3)(x)', 27)","('BinarySearchTreeLimitedDepth,fff,supermodel,10,3,1,(lambda x: 2 if x > 2 else 3)(x)', 27)","('BinarySearchTreeLimitedDepth,fff,supermodel,10,3,0,(lambda x: 2 if x > 2 else 3)(x)', 27)","('BinarySearchTreeLimitedDepth,fff,integrate,10,3,10,(lambda x: 2 if x > 2 else 3)(x)', 27)","('BinarySearchTreeLimitedDepth,ff,supermodel,10,2,0,(lambda x: 2 if x > 2 else 3)(x)', 27)","('BinarySearchTreeLimitedDepth,ff,supermodel,10,2,1,(lambda x: 2 if x > 2 else 3)(x)', 27)","('BinarySearchTreeLimitedDepth,ff,supermodel,10,2,1,x - 10', 27)"
3-prem,ELHJLV,16,11916.4375,1,"('BinarySearchTreeTrivial,fff,supermodel,10,10,1,x - 10', 8)","('Graph,ff,supermodel,10,10,1,x - 10', 8)","('Graph,ff,integrate,10,10,10,x - 10', 8)","('BinarySearchTreeRandomTree,fff,supermodel,10,10,0,x - 10', 8)","('BinarySearchTreeLimitedDepth,fff,supermodel,10,2,0,x - 10', 8)","('BinarySearchTree,fff,supermodel,10,10,0,x - 10', 8)","('BinarySearchTreeRandomTree,ff,supermodel,10,10,0,x - 10', 8)","('BinarySearchTreeRandomTree,ff,integrate,10,10,10,x - 10', 8)","('BinarySearchTreeTrivial,fff,supermodel,10,10,0,x - 10', 8)","('BinarySearchTree,fff,supermodel,10,10,1,x - 10', 8)"
4-prem,ELHJLV,38,17798.333333333332,6,"('BinarySearchTreeLimitedDepth,fff,supermodel,10,3,1,x - 10', 26)","('BinarySearchTreeLimitedDepth,fff,integrate,10,3,10,x - 10', 26)","('BinarySearchTreeTrivial,fff,supermodel,10,10,1,x - 10', 25)","('Graph,ff,integrate,10,10,10,x - 10', 25)","('BinarySearchTreeRandomTree,ff,integrate,10,10,10,x - 10', 25)","('BinarySearchTree,fff,supermodel,10,10,1,x - 10', 25)","('InfiniteList,ff,supermodel,10,10,1,x - 10', 25)","('BinarySearchTreeRandomTree,fff,supermodel,10,10,1,x - 10', 25)","('LinkedList,ff,integrate,10,10,10,x - 10', 25)","('LinkedList,fff,supermodel,10,10,1,x - 10', 25)"
3-prem,XHNLNR,15,12576.6875,1,"('BinarySearchTreeTrivial,fff,supermodel,10,10,1,x - 10', 9)","('Graph,ff,supermodel,10,10,1,x - 10', 9)","('Graph,ff,integrate,10,10,10,x - 10', 9)","('BinarySearchTreeRandomTree,fff,supermodel,10,10,0,x - 10', 9)","('BinarySearchTree,fff,supermodel,10,10,0,x - 10', 9)","('BinarySearchTreeRandomTree,ff,supermodel,10,10,0,x - 10', 9)","('BinarySearchTreeRandomTree,ff,integrate,10,10,10,x - 10', 9)","('BinarySearchTreeTrivial,fff,supermodel,10,10,0,x - 10', 9)","('BinarySearchTree,fff,supermodel,10,10,1,x - 10', 9)","('Graph,fff,supermodel,10,10,1,x - 10', 9)"
4-prem,XHNLNR,39,19278.520833333332,5,"('BinarySearchTree,ff,integrate,10,10,10,x - 10', 29)","('BinarySearchTreeTrivial,ff,integrate,10,10,10,x - 10', 29)","('BinarySearchTree,ff,supermodel,10,10,1,x - 10', 29)","('BinarySearchTreeTrivial,ff,supermodel,10,10,1,x - 10', 29)","('BinarySearchTreeTrivial,fff,supermodel,10,10,1,x - 10', 26)","('Graph,ff,integrate,10,10,10,x - 10', 26)","('BinarySearchTreeRandomTree,ff,integrate,10,10,10,x - 10', 26)","('BinarySearchTree,fff,supermodel,10,10,1,x - 10', 26)","('InfiniteList,ff,supermodel,10,10,1,x - 10', 26)","('BinarySearchTreeRandomTree,fff,supermodel,10,10,1,x - 10', 26)"
3-prem,WEJBNU,15,18376.3125,1,"('BinarySearchTreeTrivial,fff,supermodel,10,10,1,x - 10', 9)","('Graph,ff,supermodel,10,10,1,x - 10', 9)","('Graph,ff,integrate,10,10,10,x - 10', 9)","('BinarySearchTreeRandomTree,fff,supermodel,10,10,0,x - 10', 9)","('BinarySearchTree,fff,supermodel,10,10,0,x - 10', 9)","('BinarySearchTreeRandomTree,ff,supermodel,10,10,0,x - 10', 9)","('BinarySearchTreeRandomTree,ff,integrate,10,10,10,x - 10', 9)","('BinarySearchTreeTrivial,fff,supermodel,10,10,0,x - 10', 9)","('BinarySearchTree,fff,supermodel,10,10,1,x - 10', 9)","('Graph,fff,supermodel,10,10,1,x - 10', 9)"
4-prem,WEJBNU,34,13286.25,0,"('BinarySearchTreeLimitedDepth,fff,supermodel,10,3,1,x - 10', 26)","('BinarySearchTreeLimitedDepth,fff,integrate,10,3,10,x - 10', 26)","('BinarySearchTreeLimitedDepth,fff,supermodel,10,3,0,x - 10', 25)","('BinarySearchTreeLimitedDepth,ff,integrate,10,3,10,x - 10', 25)","('BinarySearchTreeLimitedDepth,ff,supermodel,10,3,1,x - 10', 25)","('BinarySearchTreeLimitedDepth,fff,supermodel,10,2,1,x - 10', 24)","('BinarySearchTreeLimitedDepth,ff,supermodel,10,3,0,x - 10', 24)","('BinarySearchTreeLimitedDepth,fff,supermodel,10,2,0,x - 10', 23)","('BinarySearchTreeLimitedDepth,fff,integrate,10,2,10,x - 10', 23)","('BinarySearchTree,ff,integrate,10,10,10,x - 10', 20)"
3-prem,OAZMWE,14,17133.5,3,"('BinarySearchTreeLimitedDepth,fff,supermodel,10,2,0,x - 10', 10)","('BinarySearchTreeLimitedDepth,fff,supermodel,10,3,0,x - 10', 10)","('BinarySearchTreeLimitedDepth,fff,integrate,10,2,10,x - 10', 10)","('BinarySearchTreeLimitedDepth,fff,supermodel,10,2,1,x - 10', 10)","('BinarySearchTreeLimitedDepth,fff,supermodel,10,3,1,x - 10', 10)","('BinarySearchTreeLimitedDepth,fff,integrate,10,3,10,x - 10', 10)","('BinarySearchTreeLimitedDepth,ff,supermodel,10,2,1,x - 10', 10)","('BinarySearchTreeLimitedDepth,ff,supermodel,10,2,0,x - 10', 10)","('BinarySearchTreeLimitedDepth,ff,integrate,10,3,10,x - 10', 10)","('BinarySearchTreeLimitedDepth,ff,supermodel,10,3,1,x - 10', 10)"
4-prem,OAZMWE,42,19094.5,2,"('BinarySearchTree,ff,integrate,10,10,10,x - 10', 26)","('BinarySearchTreeTrivial,ff,integrate,10,10,10,x - 10', 26)","('BinarySearchTree,ff,supermodel,10,10,1,x - 10', 26)","('BinarySearchTreeTrivial,ff,supermodel,10,10,1,x - 10', 26)","('BinarySearchTreeLimitedDepth,fff,supermodel,10,3,1,x - 10', 24)","('BinarySearchTreeLimitedDepth,fff,integrate,10,3,10,x - 10', 24)","('BinarySearchTreeTrivial,fff,supermodel,10,10,1,x - 10', 23)","('Graph,ff,integrate,10,10,10,x - 10', 23)","('BinarySearchTreeRandomTree,ff,integrate,10,10,10,x - 10', 23)","('BinarySearchTree,fff,supermodel,10,10,1,x - 10', 23)"
3-prem,NZHPIC,12,18890.6875,3,"('BinarySearchTreeTrivial,fff,supermodel,10,10,1,x - 10', 12)","('Graph,ff,supermodel,10,10,1,x - 10', 12)","('Graph,ff,integrate,10,10,10,x - 10', 12)","('BinarySearchTreeRandomTree,fff,supermodel,10,10,0,x - 10', 12)","('BinarySearchTree,fff,supermodel,10,10,0,x - 10', 12)","('BinarySearchTreeRandomTree,ff,supermodel,10,10,0,x - 10', 12)","('BinarySearchTreeRandomTree,ff,integrate,10,10,10,x - 10', 12)","('BinarySearchTreeTrivial,fff,supermodel,10,10,0,x - 10', 12)","('BinarySearchTree,fff,supermodel,10,10,1,x - 10', 12)","('Graph,fff,supermodel,10,10,1,x - 10', 12)"
4-prem,NZHPIC,11,23444.636363636364,1,"('BinarySearchTreeLimitedDepth,ff,integrate,10,3,10,x - 10', 7)","('BinarySearchTreeLimitedDepth,ff,supermodel,10,3,1,x - 10', 7)","('BinarySearchTreeLimitedDepth,ff,supermodel,10,3,0,x - 10', 7)","('BinarySearchTreeLimitedDepth,ff,supermodel,10,2,1,x - 10', 5)","('BinarySearchTreeLimitedDepth,ff,supermodel,10,2,0,x - 10', 5)","('BinarySearchTreeLimitedDepth,ff,integrate,10,2,10,x - 10', 5)","('BinarySearchTreeLimitedDepth,fff,supermodel,10,2,0,x - 10', 4)","('BinarySearchTreeLimitedDepth,fff,supermodel,10,3,0,x - 10', 4)","('BinarySearchTreeLimitedDepth,fff,integrate,10,2,10,x - 10', 4)","('BinarySearchTreeLimitedDepth,fff,supermodel,10,2,1,x - 10', 4)"
3-prem,GIGSBG,13,20875.6875,1,"('BinarySearchTreeTrivial,fff,supermodel,10,10,1,x - 10', 9)","('Graph,ff,supermodel,10,10,1,x - 10', 9)","('Graph,ff,integrate,10,10,10,x - 10', 9)","('BinarySearchTreeRandomTree,fff,supermodel,10,10,0,x - 10', 9)","('BinarySearchTreeLimitedDepth,fff,supermodel,10,2,0,x - 10', 9)","('BinarySearchTree,fff,supermodel,10,10,0,x - 10', 9)","('BinarySearchTreeRandomTree,ff,supermodel,10,10,0,x - 10', 9)","('BinarySearchTreeRandomTree,ff,integrate,10,10,10,x - 10', 9)","('BinarySearchTreeTrivial,fff,supermodel,10,10,0,x - 10', 9)","('BinarySearchTree,fff,supermodel,10,10,1,x - 10', 9)"
4-prem,GIGSBG,22,6346.229166666667,0,"('BinarySearchTreeLimitedDepth,fff,integrate,10,2,10,x - 10', 29)","('BinarySearchTreeLimitedDepth,ff,integrate,10,2,10,x - 10', 29)","('BinarySearchTreeLimitedDepth,fff,supermodel,10,2,1,x - 10', 28)","('BinarySearchTreeLimitedDepth,ff,supermodel,10,2,1,x - 10', 28)","('BinarySearchTreeLimitedDepth,fff,supermodel,10,2,0,x - 10', 27)","('BoundedList,fff,supermodel,3,10,1,x - 10', 27)","('BoundedList,fff,supermodel,2,10,1,x - 10', 27)","('BinarySearchTreeLimitedDepth,ff,supermodel,10,2,0,x - 10', 27)","('BoundedList,ff,supermodel,2,10,1,x - 10', 27)","('BoundedList,ff,supermodel,3,10,1,x - 10', 27)"
3-prem,BWBJBN,0,nan,0,"('BinarySearchTreeRandomTree,ff,supermodel,10,10,1,(lambda x: 2 if x > 2 else 3)(x)', 0)","('BinarySearchTree,fff,supermodel,10,10,0,(lambda x: 2 if x > 2 else 3)(x)', 0)","('BinarySearchTreeRandomTree,ff,supermodel,10,10,1,sum([exp(1)**(-((x - n)/3.)) for n in timesteps])', 0)","('BinarySearchTree,fff,supermodel,10,10,0,sum([exp(1)**(-((x - n)/2.)) for n in timesteps])', 0)","('Graph,ff,supermodel,10,10,0,(lambda x: 2 if x > 2 else 3)(x)', 0)","('BinarySearchTreeTrivial,fff,integrate,10,10,10,(lambda x: 2 if x > 2 else 3)(x)', 0)","('BinarySearchTree,ff,supermodel,10,10,0,sum([exp(1)**(-((x - n)/3.)) for n in timesteps])', 0)","('BinarySearchTreeRandomTree,fff,supermodel,10,10,1,(lambda x: 2 if x > 2 else 3)(x)', 0)","('BinarySearchTreeTrivial,ff,supermodel,10,10,1,sum([exp(1)**(-((x - n)/3.)) for n in timesteps])', 0)","('BinarySearchTreeTrivial,fff,supermodel,10,10,1,x - 10', 0)"
4-prem,BWBJBN,22,9111.9130434782601,0,"('BinarySearchTreeLimitedDepth,ff,supermodel,10,2,1,x - 10', 32)","('BoundedList,fff,supermodel,3,10,1,x - 10', 29)","('BoundedList,fff,supermodel,2,10,1,x - 10', 29)","('BinarySearchTreeLimitedDepth,ff,integrate,10,2,10,x - 10', 29)","('BoundedList,ff,supermodel,2,10,1,x - 10', 29)","('BoundedList,ff,supermodel,3,10,1,x - 10', 29)","('BinarySearchTree,ff,integrate,10,10,10,x - 10', 28)","('BinarySearchTreeTrivial,ff,integrate,10,10,10,x - 10', 28)","('BinarySearchTreeLimitedDepth,fff,supermodel,10,2,1,x - 10', 28)","('BinarySearchTreeLimitedDepth,fff,supermodel,10,3,1,x - 10', 28)"
3-prem,LRBGVD,16,16515.0625,4,"('BinarySearchTreeTrivial,fff,supermodel,10,10,1,x - 10', 8)","('Graph,ff,supermodel,10,10,1,x - 10', 8)","('Graph,ff,integrate,10,10,10,x - 10', 8)","('BinarySearchTreeRandomTree,fff,supermodel,10,10,0,x - 10', 8)","('BinarySearchTreeLimitedDepth,fff,supermodel,10,2,0,x - 10', 8)","('BinarySearchTree,fff,supermodel,10,10,0,x - 10', 8)","('BinarySearchTreeRandomTree,ff,supermodel,10,10,0,x - 10', 8)","('BinarySearchTreeRandomTree,ff,integrate,10,10,10,x - 10', 8)","('BinarySearchTreeTrivial,fff,supermodel,10,10,0,x - 10', 8)","('BinarySearchTree,fff,supermodel,10,10,1,x - 10', 8)"
4-prem,LRBGVD,40,25147.270833333332,7,"('BinarySearchTree,ff,integrate,10,10,10,x - 10', 26)","('BinarySearchTreeTrivial,ff,integrate,10,10,10,x - 10', 26)","('BinarySearchTreeLimitedDepth,fff,supermodel,10,3,1,x - 10', 26)","('BinarySearchTreeLimitedDepth,fff,integrate,10,3,10,x - 10', 26)","('BinarySearchTree,ff,supermodel,10,10,1,x - 10', 26)","('BinarySearchTreeTrivial,ff,supermodel,10,10,1,x - 10', 26)","('BinarySearchTreeLimitedDepth,fff,supermodel,10,3,0,x - 10', 25)","('BinarySearchTree,ff,supermodel,10,10,0,x - 10', 25)","('BinarySearchTreeLimitedDepth,fff,integrate,10,2,10,x - 10', 25)","('BinarySearchTreeTrivial,ff,supermodel,10,10,0,x - 10', 25)"
3-prem,PEXVVU,15,16120.0625,0,"('BinarySearchTreeTrivial,fff,supermodel,10,10,1,x - 10', 9)","('Graph,ff,supermodel,10,10,1,x - 10', 9)","('Graph,ff,integrate,10,10,10,x - 10', 9)","('BinarySearchTreeRandomTree,fff,supermodel,10,10,0,x - 10', 9)","('BinarySearchTree,fff,supermodel,10,10,0,x - 10', 9)","('BinarySearchTreeRandomTree,ff,supermodel,10,10,0,x - 10', 9)","('BinarySearchTreeRandomTree,ff,integrate,10,10,10,x - 10', 9)","('BinarySearchTreeTrivial,fff,supermodel,10,10,0,x - 10', 9)","('BinarySearchTree,fff,supermodel,10,10,1,x - 10', 9)","('Graph,fff,supermodel,10,10,1,x - 10', 9)"
4-prem,PEXVVU,45,52032.75,0,"('BinarySearchTree,ff,integrate,10,10,10,x - 10', 29)","('BinarySearchTreeTrivial,ff,integrate,10,10,10,x - 10', 29)","('BinarySearchTreeLimitedDepth,fff,supermodel,10,3,1,x - 10', 29)","('BinarySearchTreeLimitedDepth,fff,integrate,10,3,10,x - 10', 29)","('BinarySearchTree,ff,supermodel,10,10,1,x - 10', 29)","('BinarySearchTreeTrivial,ff,supermodel,10,10,1,x - 10', 29)","('BinarySearchTreeTrivial,fff,supermodel,10,10,1,x - 10', 26)","('Graph,ff,integrate,10,10,10,x - 10', 26)","('BinarySearchTreeRandomTree,ff,integrate,10,10,10,x - 10', 26)","('BinarySearchTree,fff,supermodel,10,10,1,x - 10', 26)"
3-prem,ACIHNJ,4,21066.857142857141,1,"('BinarySearchTreeLimitedDepth,fff,supermodel,10,2,0,x - 10', 4)","('BinarySearchTreeLimitedDepth,fff,supermodel,10,3,0,x - 10', 4)","('BinarySearchTreeLimitedDepth,fff,integrate,10,2,10,x - 10', 4)","('BinarySearchTreeLimitedDepth,fff,supermodel,10,2,1,x - 10', 4)","('BinarySearchTreeLimitedDepth,fff,supermodel,10,3,1,x - 10', 4)","('BinarySearchTreeLimitedDepth,fff,integrate,10,3,10,x - 10', 4)","('BinarySearchTreeLimitedDepth,ff,supermodel,10,2,1,x - 10', 4)","('BinarySearchTreeLimitedDepth,ff,supermodel,10,2,0,x - 10', 4)","('BinarySearchTreeLimitedDepth,ff,integrate,10,3,10,x - 10', 4)","('BinarySearchTreeLimitedDepth,ff,supermodel,10,3,1,x - 10', 4)"
4-prem,,,,,,,,,,,,,,
3-prem,VHHVGU,8,17937125,4,"('BinarySearchTreeRandomTree,ff,supermodel,10,10,1,(lambda x: 2 if x > 2 else 3)(x)', 8)","('BinarySearchTree,fff,supermodel,10,10,0,(lambda x: 2 if x > 2 else 3)(x)', 8)","('BinarySearchTreeRandomTree,ff,supermodel,10,10,1,sum([exp(1)**(-((x - n)/3.)) for n in timesteps])', 8)","('BinarySearchTree,fff,supermodel,10,10,0,sum([exp(1)**(-((x - n)/2.)) for n in timesteps])', 8)","('Graph,ff,supermodel,10,10,0,(lambda x: 2 if x > 2 else 3)(x)', 8)","('BinarySearchTreeTrivial,fff,integrate,10,10,10,(lambda x: 2 if x > 2 else 3)(x)', 8)","('BinarySearchTree,ff,supermodel,10,10,0,sum([exp(1)**(-((x - n)/3.)) for n in timesteps])', 8)","('BinarySearchTreeRandomTree,fff,supermodel,10,10,1,(lambda x: 2 if x > 2 else 3)(x)', 8)","('BinarySearchTreeTrivial,ff,supermodel,10,10,1,sum([exp(1)**(-((x - n)/3.)) for n in timesteps])', 8)","('BinarySearchTreeTrivial,fff,supermodel,10,10,1,x - 10', 8)"
4-prem,VHHVGU,21,6616.479166666667,1,"('BinarySearchTreeLimitedDepth,fff,supermodel,10,3,0,x - 10', 28)","('BinarySearchTreeRandomTree,ff,supermodel,10,10,1,(lambda x: 2 if x > 2 else 3)(x)', 27)","('BinarySearchTree,fff,supermodel,10,10,0,(lambda x: 2 if x > 2 else 3)(x)', 27)","('BinarySearchTreeRandomTree,ff,supermodel,10,10,1,sum([exp(1)**(-((x - n)/3.)) for n in timesteps])', 27)","('BinarySearchTree,fff,supermodel,10,10,0,sum([exp(1)**(-((x - n)/2.)) for n in timesteps])', 27)","('Graph,ff,supermodel,10,10,0,(lambda x: 2 if x > 2 else 3)(x)', 27)","('BinarySearchTreeTrivial,fff,integrate,10,10,10,(lambda x: 2 if x > 2 else 3)(x)', 27)","('BinarySearchTree,ff,supermodel,10,10,0,sum([exp(1)**(-((x - n)/3.)) for n in timesteps])', 27)","('BinarySearchTreeRandomTree,fff,supermodel,10,10,1,(lambda x: 2 if x > 2 else 3)(x)', 27)","('BinarySearchTreeTrivial,ff,supermodel,10,10,1,sum([exp(1)**(-((x - n)/3.)) for n in timesteps])', 27)"
3-prem,KGSKUR,16,23463.0625,1,"('BinarySearchTreeTrivial,fff,supermodel,10,10,1,x - 10', 8)","('Graph,ff,supermodel,10,10,1,x - 10', 8)","('Graph,ff,integrate,10,10,10,x - 10', 8)","('BinarySearchTreeRandomTree,fff,supermodel,10,10,0,x - 10', 8)","('BinarySearchTreeLimitedDepth,fff,supermodel,10,2,0,x - 10', 8)","('BinarySearchTree,fff,supermodel,10,10,0,x - 10', 8)","('BinarySearchTreeRandomTree,ff,supermodel,10,10,0,x - 10', 8)","('BinarySearchTreeRandomTree,ff,integrate,10,10,10,x - 10', 8)","('BinarySearchTreeTrivial,fff,supermodel,10,10,0,x - 10', 8)","('BinarySearchTree,fff,supermodel,10,10,1,x - 10', 8)"
4-prem,KGSKUR,45,40556.166666666664,0,"('BinarySearchTreeLimitedDepth,fff,supermodel,10,3,1,x - 10', 29)","('BinarySearchTreeLimitedDepth,fff,integrate,10,3,10,x - 10', 29)","('BinarySearchTree,ff,integrate,10,10,10,x - 10', 27)","('BinarySearchTreeTrivial,ff,integrate,10,10,10,x - 10', 27)","('BinarySearchTree,ff,supermodel,10,10,1,x - 10', 27)","('BinarySearchTreeTrivial,ff,supermodel,10,10,1,x - 10', 27)","('BinarySearchTreeLimitedDepth,ff,integrate,10,3,10,x - 10', 26)","('BinarySearchTreeLimitedDepth,ff,supermodel,10,3,1,x - 10', 26)","('BinarySearchTreeTrivial,fff,supermodel,10,10,1,x - 10', 24)","('Graph,ff,integrate,10,10,10,x - 10', 24)"
3-prem,KTXJOY,14,20803.9375,0,"('BinarySearchTreeTrivial,fff,supermodel,10,10,1,x - 10', 8)","('Graph,ff,supermodel,10,10,1,x - 10', 8)","('Graph,ff,integrate,10,10,10,x - 10', 8)","('BinarySearchTreeRandomTree,fff,supermodel,10,10,0,x - 10', 8)","('BinarySearchTreeLimitedDepth,fff,supermodel,10,2,0,x - 10', 8)","('BinarySearchTree,fff,supermodel,10,10,0,x - 10', 8)","('BinarySearchTreeRandomTree,ff,supermodel,10,10,0,x - 10', 8)","('BinarySearchTreeRandomTree,ff,integrate,10,10,10,x - 10', 8)","('BinarySearchTreeTrivial,fff,supermodel,10,10,0,x - 10', 8)","('BinarySearchTree,fff,supermodel,10,10,1,x - 10', 8)"
4-prem,KTXJOY,37,29191.0,0,"('BinarySearchTree,ff,integrate,10,10,10,x - 10', 27)","('BinarySearchTreeTrivial,ff,integrate,10,10,10,x - 10', 27)","('BinarySearchTree,ff,supermodel,10,10,1,x - 10', 27)","('BinarySearchTreeTrivial,ff,supermodel,10,10,1,x - 10', 27)","('BinarySearchTree,ff,supermodel,10,10,0,x - 10', 26)","('BinarySearchTreeTrivial,ff,supermodel,10,10,0,x - 10', 26)","('BinarySearchTreeLimitedDepth,fff,supermodel,10,3,1,x - 10', 25)","('BinarySearchTreeLimitedDepth,fff,integrate,10,3,10,x - 10', 25)","('BinarySearchTreeTrivial,fff,supermodel,10,10,1,x - 10', 24)","('Graph,ff,integrate,10,10,10,x - 10', 24)"
3-prem,ONEKCK,12,40643.5625,2,"('BinarySearchTreeLimitedDepth,ff,supermodel,10,2,1,x - 10', 10)","('BinarySearchTreeLimitedDepth,ff,supermodel,10,2,0,x - 10', 10)","('BinarySearchTreeLimitedDepth,ff,integrate,10,3,10,x - 10', 10)","('BinarySearchTreeLimitedDepth,ff,supermodel,10,3,1,x - 10', 10)","('BinarySearchTreeLimitedDepth,ff,integrate,10,2,10,x - 10', 10)","('BinarySearchTreeLimitedDepth,ff,supermodel,10,3,0,x - 10', 10)","('BinarySearchTreeLimitedDepth,fff,supermodel,10,2,0,x - 10', 8)","('BinarySearchTreeLimitedDepth,fff,supermodel,10,3,0,x - 10', 8)","('BinarySearchTreeLimitedDepth,fff,integrate,10,2,10,x - 10', 8)","('BinarySearchTreeLimitedDepth,fff,supermodel,10,2,1,x - 10', 8)"
4-prem,ONEKCK,30,30849.020833333332,17,"('BinarySearchTree,ff,integrate,10,10,10,x - 10', 30)","('BinarySearchTreeTrivial,ff,integrate,10,10,10,x - 10', 30)","('BinarySearchTree,ff,supermodel,10,10,1,x - 10', 30)","('BinarySearchTreeTrivial,ff,supermodel,10,10,1,x - 10', 30)","('BinarySearchTreeLimitedDepth,ff,supermodel,10,2,1,x - 10', 28)","('BinarySearchTreeTrivial,fff,supermodel,10,10,1,x - 10', 27)","('Graph,ff,integrate,10,10,10,x - 10', 27)","('BinarySearchTreeRandomTree,ff,integrate,10,10,10,x - 10', 27)","('BinarySearchTree,fff,supermodel,10,10,1,x - 10', 27)","('InfiniteList,ff,supermodel,10,10,1,x - 10', 27)"
3-prem,OTQSDE,10,12521.0,2,"('BinarySearchTreeLimitedDepth,fff,supermodel,10,2,0,x - 10', 10)","('BinarySearchTreeLimitedDepth,fff,supermodel,10,3,0,x - 10', 10)","('BinarySearchTreeLimitedDepth,fff,integrate,10,2,10,x - 10', 10)","('BinarySearchTreeLimitedDepth,fff,supermodel,10,2,1,x - 10', 10)","('BinarySearchTreeLimitedDepth,fff,supermodel,10,3,1,x - 10', 10)","('BinarySearchTreeLimitedDepth,fff,integrate,10,3,10,x - 10', 10)","('BinarySearchTreeTrivial,fff,supermodel,10,10,1,x - 10', 8)","('Graph,ff,supermodel,10,10,1,x - 10', 8)","('Graph,ff,integrate,10,10,10,x - 10', 8)","('BinarySearchTreeRandomTree,fff,supermodel,10,10,0,x - 10', 8)"
4-prem,,,,,,,,,,,,,,
3-prem,LEUIYR,16,17811.25,2,"('BinarySearchTreeTrivial,fff,supermodel,10,10,1,x - 10', 8)","('Graph,ff,supermodel,10,10,1,x - 10', 8)","('Graph,ff,integrate,10,10,10,x - 10', 8)","('BinarySearchTreeRandomTree,fff,supermodel,10,10,0,x - 10', 8)","('BinarySearchTreeLimitedDepth,fff,supermodel,10,2,0,x - 10', 8)","('BinarySearchTree,fff,supermodel,10,10,0,x - 10', 8)","('BinarySearchTreeRandomTree,ff,supermodel,10,10,0,x - 10', 8)","('BinarySearchTreeRandomTree,ff,integrate,10,10,10,x - 10', 8)","('BinarySearchTreeTrivial,fff,supermodel,10,10,0,x - 10', 8)","('BinarySearchTree,fff,supermodel,10,10,1,x - 10', 8)"
4-prem,LEUIYR,5,25978.428571428572,0,"('BinarySearchTreeLimitedDepth,ff,supermodel,10,3,0,x - 10', 6)","('BinarySearchTreeLimitedDepth,ff,integrate,10,3,10,x - 10', 5)","('BinarySearchTreeLimitedDepth,ff,supermodel,10,3,1,x - 10', 5)","('BinarySearchTreeLimitedDepth,fff,supermodel,10,3,0,x - 10', 4)","('BinarySearchTreeLimitedDepth,ff,supermodel,10,2,0,x - 10', 4)","('Graph,ff,supermodel,10,10,1,x - 10', 3)","('BinarySearchTreeRandomTree,fff,supermodel,10,10,0,x - 10', 3)","('BinarySearchTreeLimitedDepth,fff,supermodel,10,2,0,x - 10', 3)","('BinarySearchTree,fff,supermodel,10,10,0,x - 10', 3)","('BinarySearchTreeRandomTree,ff,supermodel,10,10,0,x - 10', 3)"
3-prem,ENWSAZ,12,11358625,2,"('BinarySearchTreeTrivial,fff,supermodel,10,10,1,x - 10', 8)","('Graph,ff,supermodel,10,10,1,x - 10', 8)","('Graph,ff,integrate,10,10,10,x - 10', 8)","('BinarySearchTreeRandomTree,fff,supermodel,10,10,0,x - 10', 8)","('BinarySearchTreeLimitedDepth,fff,supermodel,10,2,0,x - 10', 8)","('BinarySearchTree,fff,supermodel,10,10,0,x - 10', 8)","('BinarySearchTreeRandomTree,ff,supermodel,10,10,0,x - 10', 8)","('BinarySearchTreeRandomTree,ff,integrate,10,10,10,x - 10', 8)","('BinarySearchTreeTrivial,fff,supermodel,10,10,0,x - 10', 8)","('BinarySearchTree,fff,supermodel,10,10,1,x - 10', 8)"
4-prem,ENWSAZ,28,4710.979166666667,0,"('BinarySearchTreeLimitedDepth,fff,supermodel,10,2,1,x - 10', 26)","('BinarySearchTreeLimitedDepth,fff,supermodel,10,3,1,x - 10', 26)","('BinarySearchTreeLimitedDepth,fff,integrate,10,3,10,x - 10', 26)","('BinarySearchTreeLimitedDepth,fff,supermodel,10,2,0,x - 10', 25)","('BinarySearchTreeLimitedDepth,fff,supermodel,10,3,0,x - 10', 25)","('BinarySearchTreeLimitedDepth,fff,integrate,10,2,10,x - 10', 25)","('BinarySearchTreeLimitedDepth,ff,integrate,10,3,10,x - 10', 25)","('BinarySearchTreeLimitedDepth,ff,supermodel,10,3,1,x - 10', 25)","('BinarySearchTreeLimitedDepth,ff,supermodel,10,2,1,x - 10', 24)","('BinarySearchTreeLimitedDepth,ff,supermodel,10,3,0,x - 10', 24)"
3-prem,EOAQQH,16,26975625,3,"('BinarySearchTreeTrivial,fff,supermodel,10,10,1,x - 10', 8)","('Graph,ff,supermodel,10,10,1,x - 10', 8)","('Graph,ff,integrate,10,10,10,x - 10', 8)","('BinarySearchTreeRandomTree,fff,supermodel,10,10,0,x - 10', 8)","('BinarySearchTreeLimitedDepth,fff,supermodel,10,2,0,x - 10', 8)","('BinarySearchTree,fff,supermodel,10,10,0,x - 10', 8)","('BinarySearchTreeRandomTree,ff,supermodel,10,10,0,x - 10', 8)","('BinarySearchTreeRandomTree,ff,integrate,10,10,10,x - 10', 8)","('BinarySearchTreeTrivial,fff,supermodel,10,10,0,x - 10', 8)","('BinarySearchTree,fff,supermodel,10,10,1,x - 10', 8)"
4-prem,EOAQQH,43,31361.6875,7,"('BinarySearchTreeLimitedDepth,fff,supermodel,10,3,1,x - 10', 31)","('BinarySearchTreeLimitedDepth,fff,integrate,10,3,10,x - 10', 31)","('BinarySearchTreeLimitedDepth,ff,integrate,10,3,10,x - 10', 28)","('BinarySearchTreeLimitedDepth,ff,supermodel,10,3,1,x - 10', 28)","('BinarySearchTree,ff,integrate,10,10,10,x - 10', 27)","('BinarySearchTreeTrivial,ff,integrate,10,10,10,x - 10', 27)","('BinarySearchTree,ff,supermodel,10,10,1,x - 10', 27)","('BinarySearchTreeTrivial,ff,supermodel,10,10,1,x - 10', 27)","('BinarySearchTreeLimitedDepth,fff,supermodel,10,3,0,x - 10', 26)","('BinarySearchTreeLimitedDepth,fff,supermodel,10,2,1,x - 10', 25)"
3-prem,NNUPMA,10,11604.5625,2,"('BinarySearchTreeTrivial,fff,supermodel,10,10,1,x - 10', 12)","('Graph,ff,supermodel,10,10,1,x - 10', 12)","('Graph,ff,integrate,10,10,10,x - 10', 12)","('BinarySearchTreeRandomTree,fff,supermodel,10,10,0,x - 10', 12)","('BinarySearchTree,fff,supermodel,10,10,0,x - 10', 12)","('BinarySearchTreeRandomTree,ff,supermodel,10,10,0,x - 10', 12)","('BinarySearchTreeRandomTree,ff,integrate,10,10,10,x - 10', 12)","('BinarySearchTreeTrivial,fff,supermodel,10,10,0,x - 10', 12)","('BinarySearchTree,fff,supermodel,10,10,1,x - 10', 12)","('Graph,fff,supermodel,10,10,1,x - 10', 12)"
4-prem,NNUPMA,27,1434.0208333333333,0,"('BinarySearchTree,ff,integrate,10,10,10,x - 10', 33)","('BinarySearchTreeTrivial,ff,integrate,10,10,10,x - 10', 33)","('BinarySearchTree,ff,supermodel,10,10,1,x - 10', 33)","('BinarySearchTreeTrivial,ff,supermodel,10,10,1,x - 10', 33)","('BinarySearchTree,ff,supermodel,10,10,0,x - 10', 32)","('BinarySearchTreeTrivial,ff,supermodel,10,10,0,x - 10', 32)","('BinarySearchTreeTrivial,fff,supermodel,10,10,1,x - 10', 30)","('Graph,ff,integrate,10,10,10,x - 10', 30)","('BinarySearchTreeRandomTree,ff,integrate,10,10,10,x - 10', 30)","('BinarySearchTree,fff,supermodel,10,10,1,x - 10', 30)"
3-prem,LXUFLN,9,13843375,1,"('BinarySearchTreeLimitedDepth,fff,supermodel,10,2,0,x - 10', 9)","('BinarySearchTreeLimitedDepth,fff,supermodel,10,3,0,x - 10', 9)","('BinarySearchTreeLimitedDepth,fff,integrate,10,2,10,x - 10', 9)","('BinarySearchTreeLimitedDepth,fff,supermodel,10,2,1,x - 10', 9)","('BinarySearchTreeLimitedDepth,fff,supermodel,10,3,1,x - 10', 9)","('BinarySearchTreeLimitedDepth,fff,integrate,10,3,10,x - 10', 9)","('BinarySearchTreeLimitedDepth,ff,supermodel,10,2,1,x - 10', 9)","('BinarySearchTreeLimitedDepth,ff,supermodel,10,2,0,x - 10', 9)","('BinarySearchTreeLimitedDepth,ff,integrate,10,3,10,x - 10', 9)","('BinarySearchTreeLimitedDepth,ff,supermodel,10,3,1,x - 10', 9)"
4-prem,LXUFLN,30,12848.854166666666,6,"('BinarySearchTree,ff,supermodel,10,10,0,x - 10', 27)","('BinarySearchTreeTrivial,ff,supermodel,10,10,0,x - 10', 27)","('Graph,ff,supermodel,10,10,1,x - 10', 26)","('BinarySearchTreeRandomTree,fff,supermodel,10,10,0,x - 10', 26)","('BinarySearchTree,fff,supermodel,10,10,0,x - 10', 26)","('BinarySearchTreeRandomTree,ff,supermodel,10,10,0,x - 10', 26)","('BinarySearchTreeTrivial,fff,supermodel,10,10,0,x - 10', 26)","('Graph,fff,supermodel,10,10,1,x - 10', 26)","('BinarySearchTree,ff,integrate,10,10,10,x - 10', 26)","('BinarySearchTreeTrivial,ff,integrate,10,10,10,x - 10', 26)"
3-prem,PGPQTJ,13,21910.23076923077,0,"('BinarySearchTreeTrivial,fff,supermodel,10,10,1,x - 10', 7)","('Graph,ff,supermodel,10,10,1,x - 10', 7)","('Graph,ff,integrate,10,10,10,x - 10', 7)","('BinarySearchTreeRandomTree,fff,supermodel,10,10,0,x - 10', 7)","('BinarySearchTreeLimitedDepth,fff,supermodel,10,2,0,x - 10', 7)","('BinarySearchTree,fff,supermodel,10,10,0,x - 10', 7)","('BinarySearchTreeRandomTree,ff,supermodel,10,10,0,x - 10', 7)","('BinarySearchTreeRandomTree,ff,integrate,10,10,10,x - 10', 7)","('BinarySearchTreeTrivial,fff,supermodel,10,10,0,x - 10', 7)","('BinarySearchTree,fff,supermodel,10,10,1,x - 10', 7)"
4-prem,,,,,,,,,,,,,,
3-prem,FEOKVU,0,nan,0,"('BinarySearchTreeRandomTree,ff,supermodel,10,10,1,(lambda x: 2 if x > 2 else 3)(x)', 0)","('BinarySearchTree,fff,supermodel,10,10,0,(lambda x: 2 if x > 2 else 3)(x)', 0)","('BinarySearchTreeRandomTree,ff,supermodel,10,10,1,sum([exp(1)**(-((x - n)/3.)) for n in timesteps])', 0)","('BinarySearchTree,fff,supermodel,10,10,0,sum([exp(1)**(-((x - n)/2.)) for n in timesteps])', 0)","('Graph,ff,supermodel,10,10,0,(lambda x: 2 if x > 2 else 3)(x)', 0)","('BinarySearchTreeTrivial,fff,integrate,10,10,10,(lambda x: 2 if x > 2 else 3)(x)', 0)","('BinarySearchTree,ff,supermodel,10,10,0,sum([exp(1)**(-((x - n)/3.)) for n in timesteps])', 0)","('BinarySearchTreeRandomTree,fff,supermodel,10,10,1,(lambda x: 2 if x > 2 else 3)(x)', 0)","('BinarySearchTreeTrivial,ff,supermodel,10,10,1,sum([exp(1)**(-((x - n)/3.)) for n in timesteps])', 0)","('BinarySearchTreeTrivial,fff,supermodel,10,10,1,x - 10', 0)"
4-prem,FEOKVU,24,1191.0625,0,"('BinarySearchTreeLimitedDepth,ff,supermodel,10,3,1,(lambda x: 2 if x > 2 else 3)(x)', 26)","('BinarySearchTreeLimitedDepth,ff,supermodel,10,3,0,(lambda x: 2 if x > 2 else 3)(x)', 26)","('BinarySearchTreeLimitedDepth,fff,integrate,10,2,10,(lambda x: 2 if x > 2 else 3)(x)', 26)","('BinarySearchTreeLimitedDepth,ff,integrate,10,2,10,(lambda x: 2 if x > 2 else 3)(x)', 26)","('BinarySearchTreeLimitedDepth,fff,supermodel,10,3,1,(lambda x: 2 if x > 2 else 3)(x)', 26)","('BinarySearchTreeLimitedDepth,fff,supermodel,10,3,0,(lambda x: 2 if x > 2 else 3)(x)', 26)","('BinarySearchTreeLimitedDepth,fff,integrate,10,3,10,(lambda x: 2 if x > 2 else 3)(x)', 26)","('BinarySearchTreeLimitedDepth,ff,supermodel,10,2,0,(lambda x: 2 if x > 2 else 3)(x)', 26)","('BinarySearchTreeLimitedDepth,ff,supermodel,10,2,1,(lambda x: 2 if x > 2 else 3)(x)', 26)","('BinarySearchTreeLimitedDepth,fff,supermodel,10,2,1,(lambda x: 2 if x > 2 else 3)(x)', 26)"
3-prem,EQHJFM,12,16963625,2,"('BinarySearchTreeLimitedDepth,fff,supermodel,10,2,0,x - 10', 10)","('BinarySearchTreeLimitedDepth,fff,supermodel,10,3,0,x - 10', 10)","('BinarySearchTreeLimitedDepth,fff,integrate,10,2,10,x - 10', 10)","('BinarySearchTreeLimitedDepth,fff,supermodel,10,2,1,x - 10', 10)","('BinarySearchTreeLimitedDepth,fff,supermodel,10,3,1,x - 10', 10)","('BinarySearchTreeLimitedDepth,fff,integrate,10,3,10,x - 10', 10)","('BinarySearchTreeLimitedDepth,ff,supermodel,10,2,1,x - 10', 10)","('BinarySearchTreeLimitedDepth,ff,supermodel,10,2,0,x - 10', 10)","('BinarySearchTreeLimitedDepth,ff,integrate,10,3,10,x - 10', 10)","('BinarySearchTreeLimitedDepth,ff,supermodel,10,3,1,x - 10', 10)"
4-prem,EQHJFM,28,22136.083333333332,9,"('BinarySearchTreeLimitedDepth,fff,integrate,10,2,10,x - 10', 27)","('BinarySearchTreeLimitedDepth,fff,supermodel,10,2,1,x - 10', 26)","('BinarySearchTreeLimitedDepth,fff,supermodel,10,3,1,x - 10', 26)","('BinarySearchTreeLimitedDepth,fff,integrate,10,3,10,x - 10', 26)","('BinarySearchTreeTrivial,fff,supermodel,10,10,1,x - 10', 25)","('Graph,ff,integrate,10,10,10,x - 10', 25)","('BinarySearchTreeRandomTree,ff,integrate,10,10,10,x - 10', 25)","('BinarySearchTreeLimitedDepth,ff,integrate,10,3,10,sum([exp(1)**(-((x - n)/2.)) for n in timesteps])', 25)","('BinarySearchTree,fff,supermodel,10,10,1,x - 10', 25)","('BinarySearchTreeLimitedDepth,ff,supermodel,10,3,0,sum([exp(1)**(-((x - n)/2.)) for n in timesteps])', 25)"
3-prem,IEIRGN,14,17174.4375,2,"('BinarySearchTreeTrivial,fff,supermodel,10,10,1,x - 10', 8)","('Graph,ff,supermodel,10,10,1,x - 10', 8)","('Graph,ff,integrate,10,10,10,x - 10', 8)","('BinarySearchTreeRandomTree,fff,supermodel,10,10,0,x - 10', 8)","('BinarySearchTree,fff,supermodel,10,10,0,x - 10', 8)","('BinarySearchTreeRandomTree,ff,supermodel,10,10,0,x - 10', 8)","('BinarySearchTreeRandomTree,ff,integrate,10,10,10,x - 10', 8)","('BinarySearchTreeTrivial,fff,supermodel,10,10,0,x - 10', 8)","('BinarySearchTree,fff,supermodel,10,10,1,x - 10', 8)","('Graph,fff,supermodel,10,10,1,x - 10', 8)"
4-prem,IEIRGN,43,29263.0625,4,"('BinarySearchTreeLimitedDepth,fff,supermodel,10,3,1,x - 10', 29)","('BinarySearchTreeLimitedDepth,fff,integrate,10,3,10,x - 10', 29)","('BinarySearchTreeLimitedDepth,fff,supermodel,10,3,0,x - 10', 26)","('BinarySearchTree,ff,integrate,10,10,10,x - 10', 25)","('BinarySearchTreeTrivial,ff,integrate,10,10,10,x - 10', 25)","('BinarySearchTree,ff,supermodel,10,10,1,x - 10', 25)","('BinarySearchTreeTrivial,ff,supermodel,10,10,1,x - 10', 25)","('BinarySearchTreeLimitedDepth,ff,integrate,10,3,10,x - 10', 24)","('BinarySearchTreeLimitedDepth,ff,supermodel,10,3,1,x - 10', 24)","('BinarySearchTreeLimitedDepth,fff,supermodel,10,2,1,x - 10', 23)"
3-prem,QLZMJM,16,10536.8125,0,"('BinarySearchTreeTrivial,fff,supermodel,10,10,1,x - 10', 8)","('Graph,ff,supermodel,10,10,1,x - 10', 8)","('Graph,ff,integrate,10,10,10,x - 10', 8)","('BinarySearchTreeRandomTree,fff,supermodel,10,10,0,x - 10', 8)","('BinarySearchTreeLimitedDepth,fff,supermodel,10,2,0,x - 10', 8)","('BinarySearchTree,fff,supermodel,10,10,0,x - 10', 8)","('BinarySearchTreeRandomTree,ff,supermodel,10,10,0,x - 10', 8)","('BinarySearchTreeRandomTree,ff,integrate,10,10,10,x - 10', 8)","('BinarySearchTreeTrivial,fff,supermodel,10,10,0,x - 10', 8)","('BinarySearchTree,fff,supermodel,10,10,1,x - 10', 8)"
4-prem,,,,,,,,,,,,,,
3-prem,QULZXT,11,34264.25,0,"('BinarySearchTreeTrivial,fff,supermodel,10,10,1,x - 10', 9)","('Graph,ff,supermodel,10,10,1,x - 10', 9)","('Graph,ff,integrate,10,10,10,x - 10', 9)","('BinarySearchTreeRandomTree,fff,supermodel,10,10,0,x - 10', 9)","('BinarySearchTreeLimitedDepth,fff,supermodel,10,2,0,x - 10', 9)","('BinarySearchTree,fff,supermodel,10,10,0,x - 10', 9)","('BinarySearchTreeRandomTree,ff,supermodel,10,10,0,x - 10', 9)","('BinarySearchTreeRandomTree,ff,integrate,10,10,10,x - 10', 9)","('BinarySearchTreeTrivial,fff,supermodel,10,10,0,x - 10', 9)","('BinarySearchTree,fff,supermodel,10,10,1,x - 10', 9)"
4-prem,QULZXT,32,47110.604166666664,10,"('BinarySearchTreeLimitedDepth,fff,supermodel,10,3,1,x - 10', 32)","('BinarySearchTreeLimitedDepth,fff,integrate,10,3,10,x - 10', 32)","('BinarySearchTreeLimitedDepth,fff,supermodel,10,3,0,x - 10', 29)","('BinarySearchTreeLimitedDepth,fff,integrate,10,2,10,x - 10', 29)","('BinarySearchTreeLimitedDepth,fff,supermodel,10,2,1,x - 10', 28)","('BinarySearchTreeLimitedDepth,ff,integrate,10,3,10,x - 10', 27)","('BinarySearchTreeLimitedDepth,ff,supermodel,10,3,1,x - 10', 27)","('BinarySearchTree,ff,integrate,10,10,10,x - 10', 26)","('BinarySearchTreeTrivial,ff,integrate,10,10,10,x - 10', 26)","('BinarySearchTree,ff,supermodel,10,10,1,x - 10', 26)"
3-prem,THRJGF,10,17823.0625,3,"('BinarySearchTreeTrivial,fff,supermodel,10,10,1,x - 10', 12)","('Graph,ff,supermodel,10,10,1,x - 10', 12)","('Graph,ff,integrate,10,10,10,x - 10', 12)","('BinarySearchTreeRandomTree,fff,supermodel,10,10,0,x - 10', 12)","('BinarySearchTree,fff,supermodel,10,10,0,x - 10', 12)","('BinarySearchTreeRandomTree,ff,supermodel,10,10,0,x - 10', 12)","('BinarySearchTreeRandomTree,ff,integrate,10,10,10,x - 10', 12)","('BinarySearchTreeTrivial,fff,supermodel,10,10,0,x - 10', 12)","('BinarySearchTree,fff,supermodel,10,10,1,x - 10', 12)","('Graph,fff,supermodel,10,10,1,x - 10', 12)"
4-prem,THRJGF,23,3452.9375,0,"('BinarySearchTreeLimitedDepth,fff,supermodel,10,3,0,sum([exp(1)**(-((x - n)/3.)) for n in timesteps])', 29)","('BinarySearchTreeLimitedDepth,ff,supermodel,10,3,0,sum([exp(1)**(-((x - n)/3.)) for n in timesteps])', 29)","('BinarySearchTreeLimitedDepth,ff,supermodel,10,2,1,sum([exp(1)**(-((x - n)/3.)) for n in timesteps])', 29)","('BinarySearchTreeLimitedDepth,ff,integrate,10,3,10,sum([exp(1)**(-((x - n)/3.)) for n in timesteps])', 29)","('BinarySearchTreeLimitedDepth,fff,integrate,10,2,10,sum([exp(1)**(-((x - n)/3.)) for n in timesteps])', 29)","('BinarySearchTreeLimitedDepth,ff,integrate,10,2,10,sum([exp(1)**(-((x - n)/3.)) for n in timesteps])', 29)","('BinarySearchTreeLimitedDepth,fff,supermodel,10,3,1,sum([exp(1)**(-((x - n)/3.)) for n in timesteps])', 29)","('BinarySearchTreeLimitedDepth,fff,integrate,10,3,10,sum([exp(1)**(-((x - n)/3.)) for n in timesteps])', 29)","('BinarySearchTreeLimitedDepth,ff,supermodel,10,3,1,sum([exp(1)**(-((x - n)/3.)) for n in timesteps])', 29)","('BinarySearchTreeLimitedDepth,fff,supermodel,10,2,1,sum([exp(1)**(-((x - n)/3.)) for n in timesteps])', 29)"
3-prem,HXKROE,16,30122.75,0,"('BinarySearchTreeTrivial,fff,supermodel,10,10,1,x - 10', 8)","('Graph,ff,supermodel,10,10,1,x - 10', 8)","('Graph,ff,integrate,10,10,10,x - 10', 8)","('BinarySearchTreeRandomTree,fff,supermodel,10,10,0,x - 10', 8)","('BinarySearchTreeLimitedDepth,fff,supermodel,10,2,0,x - 10', 8)","('BinarySearchTree,fff,supermodel,10,10,0,x - 10', 8)","('BinarySearchTreeRandomTree,ff,supermodel,10,10,0,x - 10', 8)","('BinarySearchTreeRandomTree,ff,integrate,10,10,10,x - 10', 8)","('BinarySearchTreeTrivial,fff,supermodel,10,10,0,x - 10', 8)","('BinarySearchTree,fff,supermodel,10,10,1,x - 10', 8)"
4-prem,HXKROE,33,28753.833333333332,4,"('BinarySearchTree,ff,integrate,10,10,10,x - 10', 29)","('BinarySearchTreeTrivial,ff,integrate,10,10,10,x - 10', 29)","('BinarySearchTree,ff,supermodel,10,10,1,x - 10', 29)","('BinarySearchTreeTrivial,ff,supermodel,10,10,1,x - 10', 29)","('BinarySearchTreeTrivial,fff,supermodel,10,10,1,x - 10', 28)","('Graph,ff,integrate,10,10,10,x - 10', 28)","('BinarySearchTreeRandomTree,ff,integrate,10,10,10,x - 10', 28)","('BinarySearchTree,fff,supermodel,10,10,1,x - 10', 28)","('InfiniteList,ff,supermodel,10,10,1,x - 10', 28)","('BinarySearchTreeRandomTree,fff,supermodel,10,10,1,x - 10', 28)"
3-prem,DRUXYQ,15,25386.75,0,"('BinarySearchTreeTrivial,fff,supermodel,10,10,1,x - 10', 9)","('Graph,ff,supermodel,10,10,1,x - 10', 9)","('Graph,ff,integrate,10,10,10,x - 10', 9)","('BinarySearchTreeRandomTree,fff,supermodel,10,10,0,x - 10', 9)","('BinarySearchTree,fff,supermodel,10,10,0,x - 10', 9)","('BinarySearchTreeRandomTree,ff,supermodel,10,10,0,x - 10', 9)","('BinarySearchTreeRandomTree,ff,integrate,10,10,10,x - 10', 9)","('BinarySearchTreeTrivial,fff,supermodel,10,10,0,x - 10', 9)","('BinarySearchTree,fff,supermodel,10,10,1,x - 10', 9)","('Graph,fff,supermodel,10,10,1,x - 10', 9)"
4-prem,DRUXYQ,32,61415.1875,0,"('BinarySearchTree,ff,integrate,10,10,10,x - 10', 30)","('BinarySearchTreeTrivial,ff,integrate,10,10,10,x - 10', 30)","('BinarySearchTreeLimitedDepth,fff,supermodel,10,3,1,x - 10', 30)","('BinarySearchTreeLimitedDepth,fff,integrate,10,3,10,x - 10', 30)","('BinarySearchTree,ff,supermodel,10,10,1,x - 10', 30)","('BinarySearchTreeTrivial,ff,supermodel,10,10,1,x - 10', 30)","('BinarySearchTreeLimitedDepth,ff,integrate,10,3,10,x - 10', 29)","('BinarySearchTreeLimitedDepth,ff,supermodel,10,3,1,x - 10', 29)","('BinarySearchTreeLimitedDepth,ff,supermodel,10,2,1,x - 10', 28)","('BinarySearchTreeTrivial,fff,supermodel,10,10,1,x - 10', 27)"
3-prem,IVEVKT,14,10415.25,1,"('BinarySearchTreeTrivial,fff,supermodel,10,10,1,x - 10', 8)","('Graph,ff,supermodel,10,10,1,x - 10', 8)","('Graph,ff,integrate,10,10,10,x - 10', 8)","('BinarySearchTreeRandomTree,fff,supermodel,10,10,0,x - 10', 8)","('BinarySearchTreeLimitedDepth,fff,supermodel,10,2,0,x - 10', 8)","('BinarySearchTree,fff,supermodel,10,10,0,x - 10', 8)","('BinarySearchTreeRandomTree,ff,supermodel,10,10,0,x - 10', 8)","('BinarySearchTreeRandomTree,ff,integrate,10,10,10,x - 10', 8)","('BinarySearchTreeTrivial,fff,supermodel,10,10,0,x - 10', 8)","('BinarySearchTree,fff,supermodel,10,10,1,x - 10', 8)"
4-prem,IVEVKT,44,13221375,7,"('BinarySearchTreeLimitedDepth,fff,supermodel,10,3,1,x - 10', 30)","('BinarySearchTreeLimitedDepth,fff,integrate,10,3,10,x - 10', 30)","('BinarySearchTree,ff,integrate,10,10,10,x - 10', 28)","('BinarySearchTreeTrivial,ff,integrate,10,10,10,x - 10', 28)","('BinarySearchTree,ff,supermodel,10,10,1,x - 10', 28)","('BinarySearchTreeTrivial,ff,supermodel,10,10,1,x - 10', 28)","('BinarySearchTreeLimitedDepth,ff,integrate,10,3,10,x - 10', 27)","('BinarySearchTreeLimitedDepth,ff,supermodel,10,3,1,x - 10', 27)","('BinarySearchTreeTrivial,fff,supermodel,10,10,1,x - 10', 25)","('Graph,ff,integrate,10,10,10,x - 10', 25)"
3-prem,IVOEEP,16,18422.9375,5,"('BinarySearchTreeTrivial,fff,supermodel,10,10,1,x - 10', 8)","('Graph,ff,supermodel,10,10,1,x - 10', 8)","('Graph,ff,integrate,10,10,10,x - 10', 8)","('BinarySearchTreeRandomTree,fff,supermodel,10,10,0,x - 10', 8)","('BinarySearchTreeLimitedDepth,fff,supermodel,10,2,0,x - 10', 8)","('BinarySearchTree,fff,supermodel,10,10,0,x - 10', 8)","('BinarySearchTreeRandomTree,ff,supermodel,10,10,0,x - 10', 8)","('BinarySearchTreeRandomTree,ff,integrate,10,10,10,x - 10', 8)","('BinarySearchTreeTrivial,fff,supermodel,10,10,0,x - 10', 8)","('BinarySearchTree,fff,supermodel,10,10,1,x - 10', 8)"
4-prem,IVOEEP,17,24990.941176470587,0,"('BinarySearchTreeLimitedDepth,ff,integrate,10,3,10,x - 10', 13)","('BinarySearchTreeLimitedDepth,ff,supermodel,10,3,1,x - 10', 13)","('BinarySearchTreeLimitedDepth,fff,supermodel,10,3,1,x - 10', 12)","('BinarySearchTreeLimitedDepth,fff,integrate,10,3,10,x - 10', 12)","('BinarySearchTreeLimitedDepth,fff,supermodel,10,2,1,x - 10', 11)","('BinarySearchTree,ff,integrate,10,10,10,x - 10', 10)","('BinarySearchTreeTrivial,ff,integrate,10,10,10,x - 10', 10)","('BinarySearchTreeLimitedDepth,ff,supermodel,10,2,1,x - 10', 10)","('BinarySearchTree,ff,supermodel,10,10,1,x - 10', 10)","('BinarySearchTreeTrivial,ff,supermodel,10,10,1,x - 10', 10)"
3-prem,OPCKOC,14,32902.25,0,"('BinarySearchTreeTrivial,fff,supermodel,10,10,1,x - 10', 8)","('Graph,ff,supermodel,10,10,1,x - 10', 8)","('Graph,ff,integrate,10,10,10,x - 10', 8)","('BinarySearchTreeRandomTree,fff,supermodel,10,10,0,x - 10', 8)","('BinarySearchTree,fff,supermodel,10,10,0,x - 10', 8)","('BinarySearchTreeRandomTree,ff,supermodel,10,10,0,x - 10', 8)","('BinarySearchTreeRandomTree,ff,integrate,10,10,10,x - 10', 8)","('BinarySearchTreeTrivial,fff,supermodel,10,10,0,x - 10', 8)","('BinarySearchTree,fff,supermodel,10,10,1,x - 10', 8)","('Graph,fff,supermodel,10,10,1,x - 10', 8)"
4-prem,OPCKOC,27,11919.041666666666,3,"('BinarySearchTree,ff,integrate,10,10,10,x - 10', 29)","('BinarySearchTreeTrivial,ff,integrate,10,10,10,x - 10', 29)","('BinarySearchTree,ff,supermodel,10,10,1,x - 10', 29)","('BinarySearchTreeTrivial,ff,supermodel,10,10,1,x - 10', 29)","('BinarySearchTreeTrivial,fff,supermodel,10,10,1,x - 10', 28)","('Graph,ff,integrate,10,10,10,x - 10', 28)","('BinarySearchTreeRandomTree,ff,integrate,10,10,10,x - 10', 28)","('BinarySearchTree,fff,supermodel,10,10,1,x - 10', 28)","('InfiniteList,ff,supermodel,10,10,1,x - 10', 28)","('BinarySearchTreeRandomTree,fff,supermodel,10,10,1,x - 10', 28)"
3-prem,ASSXHN,12,15623.5,3,"('BinarySearchTreeLimitedDepth,fff,supermodel,10,2,0,x - 10', 10)","('BinarySearchTreeLimitedDepth,fff,supermodel,10,3,0,x - 10', 10)","('BinarySearchTreeLimitedDepth,fff,integrate,10,2,10,x - 10', 10)","('BinarySearchTreeLimitedDepth,fff,supermodel,10,2,1,x - 10', 10)","('BinarySearchTreeLimitedDepth,fff,supermodel,10,3,1,x - 10', 10)","('BinarySearchTreeLimitedDepth,fff,integrate,10,3,10,x - 10', 10)","('BinarySearchTreeTrivial,fff,supermodel,10,10,1,x - 10', 8)","('Graph,ff,supermodel,10,10,1,x - 10', 8)","('Graph,ff,integrate,10,10,10,x - 10', 8)","('BinarySearchTreeRandomTree,fff,supermodel,10,10,0,x - 10', 8)"
4-prem,ASSXHN,37,18038.395833333332,4,"('BinarySearchTree,ff,integrate,10,10,10,x - 10', 31)","('BinarySearchTreeTrivial,ff,integrate,10,10,10,x - 10', 31)","('BinarySearchTree,ff,supermodel,10,10,1,x - 10', 31)","('BinarySearchTreeTrivial,ff,supermodel,10,10,1,x - 10', 31)","('BinarySearchTreeTrivial,fff,supermodel,10,10,1,x - 10', 30)","('Graph,ff,integrate,10,10,10,x - 10', 30)","('BinarySearchTreeRandomTree,ff,integrate,10,10,10,x - 10', 30)","('BinarySearchTree,fff,supermodel,10,10,1,x - 10', 30)","('InfiniteList,ff,supermodel,10,10,1,x - 10', 30)","('BinarySearchTreeRandomTree,fff,supermodel,10,10,1,x - 10', 30)"
3-prem,BFYKHC,15,14827.1875,0,"('BinarySearchTreeLimitedDepth,ff,supermodel,10,2,1,x - 10', 9)","('BinarySearchTreeLimitedDepth,ff,supermodel,10,2,0,x - 10', 9)","('BinarySearchTreeLimitedDepth,ff,integrate,10,3,10,x - 10', 9)","('BinarySearchTreeLimitedDepth,ff,supermodel,10,3,1,x - 10', 9)","('BinarySearchTreeLimitedDepth,ff,integrate,10,2,10,x - 10', 9)","('BinarySearchTreeLimitedDepth,ff,supermodel,10,3,0,x - 10', 9)","('BinarySearchTreeTrivial,fff,supermodel,10,10,1,x - 10', 7)","('Graph,ff,supermodel,10,10,1,x - 10', 7)","('Graph,ff,integrate,10,10,10,x - 10', 7)","('BinarySearchTreeRandomTree,fff,supermodel,10,10,0,x - 10', 7)"
4-prem,BFYKHC,40,13925.729166666666,0,"('BinarySearchTreeLimitedDepth,fff,supermodel,10,3,1,x - 10', 30)","('BinarySearchTreeLimitedDepth,fff,integrate,10,3,10,x - 10', 30)","('BinarySearchTreeLimitedDepth,fff,supermodel,10,3,0,x - 10', 27)","('BinarySearchTreeLimitedDepth,fff,supermodel,10,2,1,x - 10', 24)","('BinarySearchTreeLimitedDepth,fff,integrate,10,2,10,x - 10', 23)","('BinarySearchTreeLimitedDepth,ff,integrate,10,3,10,x - 10', 23)","('BinarySearchTreeLimitedDepth,ff,supermodel,10,3,1,x - 10', 23)","('BinarySearchTree,ff,integrate,10,10,10,x - 10', 22)","('BinarySearchTreeTrivial,ff,integrate,10,10,10,x - 10', 22)","('BinarySearchTree,ff,supermodel,10,10,1,x - 10', 22)"
3-prem,YBYNYH,14,15048.75,2,"('BinarySearchTreeTrivial,fff,supermodel,10,10,1,x - 10', 6)","('Graph,ff,supermodel,10,10,1,x - 10', 6)","('Graph,ff,integrate,10,10,10,x - 10', 6)","('BinarySearchTreeRandomTree,fff,supermodel,10,10,0,x - 10', 6)","('BinarySearchTreeLimitedDepth,fff,supermodel,10,2,0,x - 10', 6)","('BinarySearchTree,fff,supermodel,10,10,0,x - 10', 6)","('BinarySearchTreeRandomTree,ff,supermodel,10,10,0,x - 10', 6)","('BinarySearchTreeRandomTree,ff,integrate,10,10,10,x - 10', 6)","('BinarySearchTreeTrivial,fff,supermodel,10,10,0,x - 10', 6)","('BinarySearchTree,fff,supermodel,10,10,1,x - 10', 6)"
4-prem,,,,,,,,,,,,,,
3-prem,WLRLDD,12,31602.0625,0,"('BinarySearchTreeTrivial,fff,supermodel,10,10,1,x - 10', 10)","('Graph,ff,supermodel,10,10,1,x - 10', 10)","('Graph,ff,integrate,10,10,10,x - 10', 10)","('BinarySearchTreeRandomTree,fff,supermodel,10,10,0,x - 10', 10)","('BinarySearchTree,fff,supermodel,10,10,0,x - 10', 10)","('BinarySearchTreeRandomTree,ff,supermodel,10,10,0,x - 10', 10)","('BinarySearchTreeRandomTree,ff,integrate,10,10,10,x - 10', 10)","('BinarySearchTreeTrivial,fff,supermodel,10,10,0,x - 10', 10)","('BinarySearchTree,fff,supermodel,10,10,1,x - 10', 10)","('Graph,fff,supermodel,10,10,1,x - 10', 10)"
4-prem,WLRLDD,36,24329.854166666668,6,"('BinarySearchTree,ff,integrate,10,10,10,x - 10', 32)","('BinarySearchTreeTrivial,ff,integrate,10,10,10,x - 10', 32)","('BinarySearchTreeLimitedDepth,fff,supermodel,10,3,1,x - 10', 32)","('BinarySearchTreeLimitedDepth,fff,integrate,10,3,10,x - 10', 32)","('BinarySearchTree,ff,supermodel,10,10,1,x - 10', 32)","('BinarySearchTreeTrivial,ff,supermodel,10,10,1,x - 10', 32)","('BinarySearchTreeTrivial,fff,supermodel,10,10,1,x - 10', 29)","('Graph,ff,integrate,10,10,10,x - 10', 29)","('BinarySearchTreeRandomTree,ff,integrate,10,10,10,x - 10', 29)","('BinarySearchTree,fff,supermodel,10,10,1,x - 10', 29)"
3-prem,EOJQYJ,15,16374.3125,0,"('BinarySearchTreeTrivial,fff,supermodel,10,10,1,x - 10', 7)","('Graph,ff,supermodel,10,10,1,x - 10', 7)","('Graph,ff,integrate,10,10,10,x - 10', 7)","('BinarySearchTreeRandomTree,fff,supermodel,10,10,0,x - 10', 7)","('BinarySearchTreeLimitedDepth,fff,supermodel,10,2,0,x - 10', 7)","('BinarySearchTree,fff,supermodel,10,10,0,x - 10', 7)","('BinarySearchTreeRandomTree,ff,supermodel,10,10,0,x - 10', 7)","('BinarySearchTreeRandomTree,ff,integrate,10,10,10,x - 10', 7)","('BinarySearchTreeTrivial,fff,supermodel,10,10,0,x - 10', 7)","('BinarySearchTree,fff,supermodel,10,10,1,x - 10', 7)"
4-prem,EOJQYJ,38,20864.229166666668,10,"('BinarySearchTreeLimitedDepth,fff,supermodel,10,3,1,x - 10', 28)","('BinarySearchTreeLimitedDepth,fff,integrate,10,3,10,x - 10', 28)","('BinarySearchTree,ff,integrate,10,10,10,x - 10', 26)","('BinarySearchTreeTrivial,ff,integrate,10,10,10,x - 10', 26)","('BinarySearchTree,ff,supermodel,10,10,1,x - 10', 26)","('BinarySearchTreeTrivial,ff,supermodel,10,10,1,x - 10', 26)","('BinarySearchTreeTrivial,fff,supermodel,10,10,1,x - 10', 25)","('Graph,ff,integrate,10,10,10,x - 10', 25)","('BinarySearchTreeRandomTree,ff,integrate,10,10,10,x - 10', 25)","('BinarySearchTree,fff,supermodel,10,10,1,x - 10', 25)"
